source_id,title,organization,topic,mode,download_url,verification
S01,Crop evapotranspiration - FAO Irrigation and Drainage Paper 56,FAO,crop water requirements,fao_html_book,https://www.fao.org/4/x0490e/x0490e00.htm,official_fao
S02,Crop yield response to water - FAO Irrigation and Drainage Paper 66,FAO,crop water stress,fao_html_book,https://www.fao.org/4/i2800e/i2800e00.htm,official_fao
S03,Water quality for agriculture - Irrigation and Drainage Paper 29 Rev. 1,FAO,water quality salinity,fao_html_book,https://www.fao.org/4/t0234e/t0234e00.htm,official_fao
S04,Deficit irrigation practices - Water Reports 22,FAO,deficit irrigation,fao_html_book,https://www.fao.org/4/y3655e/y3655e00.htm,official_fao
S05,Water harvesting - manual for design and construction,FAO,water harvesting,fao_html_book,https://www.fao.org/4/u3160e/u3160e00.htm,official_fao
S06,Plant nutrition for food security,FAO,plant nutrition,fao_html_book,https://www.fao.org/4/a0443e/a0443e00.htm,official_fao
S07,Technical Handbook on Pressurized Irrigation Techniques,FAO,pressurized irrigation,fao_html_book,https://www.fao.org/4/a1336e/a1336e00.htm,official_fao
S08,Irrigation Manual - Surface Irrigation Systems,FAO,surface irrigation,fao_html_book,https://www.fao.org/4/ai596e/ai596e00.htm,official_fao
S09,Climate-Smart Agriculture Sourcebook,FAO,climate smart agriculture,pdf,https://www.fao.org/3/i3325e/i3325e.pdf,official_fao_pdf
S10,Soil testing methods manual - Global Soil Doctors Programme,FAO,soil testing,pdf,https://www.fao.org/3/ca2796en/CA2796EN.pdf,official_fao_pdf
S11,Conservation Agriculture Training Guide,FAO,conservation agriculture,pdf,https://www.fao.org/3/i7154en/i7154en.pdf,official_fao_pdf
S12,Manual on integrated soil management and conservation practices,FAO/IITA,soil and water conservation,pdf,https://www.fao.org/docrep/016/x4799e/x4799e.pdf,official_fao_pdf
S13,Practical guidelines for Early Warning - Early Action plans on agricultural drought,FAO,drought management,pdf,https://www.fao.org/3/cb0624en/CB0624EN.pdf,official_fao_pdf
S14,Climate-Smart Agriculture training manual,FAO,climate smart agriculture,pdf,https://www.fao.org/3/ca2189en/CA2189EN.pdf,official_fao_pdf
S15,Soil health for paddy rice - manual for farmer field school facilitators,FAO,soil health,pdf,https://www.fao.org/3/ca8167en/ca8167en.pdf,official_fao_pdf
S16,The multi-faced role of soil in the Near East and North Africa,FAO,NENA soil management,pdf,https://www.fao.org/3/ca3803en/CA3803EN.pdf,official_fao_pdf
S17,Drought characteristics and management in North Africa and the Near East,FAO/National Drought Mitigation Center,NENA drought,pdf,https://www.fao.org/3/CA0034EN/ca0034en.pdf,official_fao_pdf
S18,Soil erosion - the greatest challenge for sustainable soil management,FAO,soil erosion,pdf,https://www.fao.org/3/ca4395en/CA4395EN.pdf,official_fao_pdf
S19,Opportunities and gaps in the agriculture water and land use sectors in NENA,FAO,NENA climate adaptation,pdf,https://www.fao.org/3/cb8662en/cb8662en.pdf,official_fao_pdf
S20,Discovery-based learning in land and water management,FAO,land and water management,pdf,https://www.fao.org/3/a-i6897e.pdf,official_fao_pdf
S21,Climate-smart agriculture - conservation agriculture practice brief,FAO/CIMMYT,climate-smart conservation agriculture,pdf,https://www.fao.org/3/a-i4066e.pdf,official_fao_pdf
S22,Climate Smart Agriculture - Building Resilience to Climate Change,FAO/Springer,climate resilience,pdf,https://www.fao.org/3/a-i7931e.pdf,official_fao_pdf
S23,Regional assessment of soil changes in the Near East and North Africa,FAO,NENA soil degradation,pdf,https://www.fao.org/3/a-bc602e.pdf,official_fao_pdf
S24,Water accounting and auditing for better water governance,FAO,water governance,pdf,https://www.fao.org/3/cb2227en/CB2227EN.pdf,official_fao_pdf
